{
  "color-primary-100": "#D3E0FD",
  "color-primary-200": "#A7C0FB",
  "color-primary-300": "#7A9BF4",
  "color-primary-400": "#577CE9",
  "color-primary-500": "#254EDB",
  "color-primary-600": "#1B3BBC",
  "color-primary-700": "#122B9D",
  "color-primary-800": "#0B1D7F",
  "color-primary-900": "#071469",
  "color-primary-transparent-100": "rgba(37, 78, 219, 0.08)",
  "color-primary-transparent-200": "rgba(37, 78, 219, 0.16)",
  "color-primary-transparent-300": "rgba(37, 78, 219, 0.24)",
  "color-primary-transparent-400": "rgba(37, 78, 219, 0.32)",
  "color-primary-transparent-500": "rgba(37, 78, 219, 0.4)",
  "color-primary-transparent-600": "rgba(37, 78, 219, 0.48)",
  "color-success-100": "#E1FBD7",
  "color-success-200": "#BDF8B1",
  "color-success-300": "#8EEA86",
  "color-success-400": "#63D665",
  "color-success-500": "#36BC44",
  "color-success-600": "#27A13F",
  "color-success-700": "#1B873A",
  "color-success-800": "#116D34",
  "color-success-900": "#0A5A2F",
  "color-success-transparent-100": "rgba(54, 188, 68, 0.08)",
  "color-success-transparent-200": "rgba(54, 188, 68, 0.16)",
  "color-success-transparent-300": "rgba(54, 188, 68, 0.24)",
  "color-success-transparent-400": "rgba(54, 188, 68, 0.32)",
  "color-success-transparent-500": "rgba(54, 188, 68, 0.4)",
  "color-success-transparent-600": "rgba(54, 188, 68, 0.48)",
  "color-info-100": "#D9DEFE",
  "color-info-200": "#B4BDFE",
  "color-info-300": "#8F9AFC",
  "color-info-400": "#727FFA",
  "color-info-500": "#4554F7",
  "color-info-600": "#323ED4",
  "color-info-700": "#222CB1",
  "color-info-800": "#161D8F",
  "color-info-900": "#0D1276",
  "color-info-transparent-100": "rgba(69, 84, 247, 0.08)",
  "color-info-transparent-200": "rgba(69, 84, 247, 0.16)",
  "color-info-transparent-300": "rgba(69, 84, 247, 0.24)",
  "color-info-transparent-400": "rgba(69, 84, 247, 0.32)",
  "color-info-transparent-500": "rgba(69, 84, 247, 0.4)",
  "color-info-transparent-600": "rgba(69, 84, 247, 0.48)",
  "color-warning-100": "#FFF2CF",
  "color-warning-200": "#FFE19F",
  "color-warning-300": "#FFCB70",
  "color-warning-400": "#FFB64C",
  "color-warning-500": "#FF9411",
  "color-warning-600": "#DB740C",
  "color-warning-700": "#B75908",
  "color-warning-800": "#934005",
  "color-warning-900": "#7A2F03",
  "color-warning-transparent-100": "rgba(255, 148, 17, 0.08)",
  "color-warning-transparent-200": "rgba(255, 148, 17, 0.16)",
  "color-warning-transparent-300": "rgba(255, 148, 17, 0.24)",
  "color-warning-transparent-400": "rgba(255, 148, 17, 0.32)",
  "color-warning-transparent-500": "rgba(255, 148, 17, 0.4)",
  "color-warning-transparent-600": "rgba(255, 148, 17, 0.48)",
  "color-danger-100": "#FEE2D3",
  "color-danger-200": "#FEBEA7",
  "color-danger-300": "#FE927C",
  "color-danger-400": "#FD695B",
  "color-danger-500": "#FC2525",
  "color-danger-600": "#D81B2B",
  "color-danger-700": "#B5122E",
  "color-danger-800": "#920B2E",
  "color-danger-900": "#78072E",
  "color-danger-transparent-100": "rgba(252, 37, 37, 0.08)",
  "color-danger-transparent-200": "rgba(252, 37, 37, 0.16)",
  "color-danger-transparent-300": "rgba(252, 37, 37, 0.24)",
  "color-danger-transparent-400": "rgba(252, 37, 37, 0.32)",
  "color-danger-transparent-500": "rgba(252, 37, 37, 0.4)",
  "color-danger-transparent-600": "rgba(252, 37, 37, 0.48)"
}